{"metadata":{"asset_id":"52d89d1c-6666-4555-9c98-91fb8f586584","asset_attributes":["notebook"],"name":"Web Scraping","asset_type":"notebook","created_at":"2022-07-31T10:12:01Z","description":"","origin_country":"us","owner_id":"IBMid-665002CSHW","project_id":"079602a9-f3cc-488d-a60e-ce3db7717c0f","size":42335,"tags":["notebook"],"usage":{"last_update_time":1659334945823,"last_updated_at":"2022-08-01T06:22:25Z"}},"entity":{"notebook":{"kernel":{"name":"python3","display_name":"Python 3.9","language":"python"},"originates_from":{"type":"blank"},"runtime":{"environment":"conda2rt221-079602a9-f3cc-488d-a60e-ce3db7717c0f"}}},"attachments":[{"id":"b59f1c14-4792-4b67-a062-fd25c0ef531b","version":2,"asset_type":"notebook","name":"attachment for notebook 52d89d1c-6666-4555-9c98-91fb8f586584","description":"attachment for notebook 52d89d1c-6666-4555-9c98-91fb8f586584","mime":"application/json","datasource_type":"193a97c1-4475-4a19-b90c-295c4fdc6517","object_key":"notebook/Web_Scraping_AoxSF7Ebc.ipynb","creator_id":"IBMid-665002CSHW","create_time":1659262322172,"size":42335,"is_remote":false,"is_managed":false,"is_referenced":true,"is_object_key_read_only":false,"is_user_provided_path_key":true,"transfer_complete":true,"is_partitioned":false,"complete_time_ticks":1659262322172,"user_data":{},"test_doc":0,"handle":{"bucket":"datacollectionapi-donotdelete-pr-owecavcwn9ncqv","location":"eu-geo","key":"notebook/Web_Scraping_AoxSF7Ebc.ipynb","upload_id":"done","max_part_num":1},"usage":{"access_count":17,"last_accessor_id":"IBMid-665002CSHW","last_access_time":1659334945822,"last_updater_id":"IBMid-665002CSHW","last_update_time":1659334945822}}]}
