{"metadata":{"asset_id":"e6f060eb-05ac-4fd2-9c94-02caab099ab4","asset_attributes":["notebook"],"name":"Interactive Visual Analytics with Folium lab","asset_type":"notebook","created_at":"2022-08-02T06:46:20Z","description":"","origin_country":"us","owner_id":"IBMid-665002CSHW","project_id":"079602a9-f3cc-488d-a60e-ce3db7717c0f","size":314266,"tags":["notebook"],"usage":{"last_update_time":1659424963045,"last_updated_at":"2022-08-02T07:22:43Z"}},"entity":{"notebook":{"kernel":{"name":"python3","display_name":"Python 3.9","language":"python"},"originates_from":{"type":"blank"},"runtime":{"environment":"conda2rt221-079602a9-f3cc-488d-a60e-ce3db7717c0f"}}},"attachments":[{"id":"ebd63019-a274-4dd9-9f59-68f603fa8e04","version":2,"asset_type":"notebook","name":"attachment for notebook e6f060eb-05ac-4fd2-9c94-02caab099ab4","description":"attachment for notebook e6f060eb-05ac-4fd2-9c94-02caab099ab4","mime":"application/json","datasource_type":"193a97c1-4475-4a19-b90c-295c4fdc6517","object_key":"notebook/Interactive_Visual_Analytics_with_Folium_lab_ADQXZDuCe.ipynb","creator_id":"IBMid-665002CSHW","create_time":1659422781404,"size":314266,"is_remote":false,"is_managed":false,"is_referenced":true,"is_object_key_read_only":false,"is_user_provided_path_key":true,"transfer_complete":true,"is_partitioned":false,"complete_time_ticks":1659422781404,"user_data":{},"test_doc":0,"handle":{"bucket":"datacollectionapi-donotdelete-pr-owecavcwn9ncqv","location":"eu-geo","key":"notebook/Interactive_Visual_Analytics_with_Folium_lab_ADQXZDuCe.ipynb","upload_id":"done","max_part_num":1},"usage":{"access_count":7,"last_accessor_id":"IBMid-665002CSHW","last_access_time":1659424963042,"last_updater_id":"IBMid-665002CSHW","last_update_time":1659424963042}}]}
