{"metadata":{"asset_id":"a72cb4b8-3ead-4e47-95a6-7de22f2bc81b","asset_attributes":["notebook"],"name":"EDA with Visualization lab","asset_type":"notebook","created_at":"2022-08-02T06:17:24Z","description":"","origin_country":"us","owner_id":"IBMid-665002CSHW","project_id":"079602a9-f3cc-488d-a60e-ce3db7717c0f","size":202174,"tags":["notebook"],"usage":{"last_update_time":1659422148484,"last_updated_at":"2022-08-02T06:35:48Z"}},"entity":{"notebook":{"kernel":{"name":"python3","display_name":"Python 3.9","language":"python"},"originates_from":{"type":"blank"},"runtime":{"environment":"conda2rt221-079602a9-f3cc-488d-a60e-ce3db7717c0f"}}},"attachments":[{"id":"a5b9bbfa-8499-4e94-a703-ee74b0b2237f","version":2,"asset_type":"notebook","name":"attachment for notebook a72cb4b8-3ead-4e47-95a6-7de22f2bc81b","description":"attachment for notebook a72cb4b8-3ead-4e47-95a6-7de22f2bc81b","mime":"application/json","datasource_type":"193a97c1-4475-4a19-b90c-295c4fdc6517","object_key":"notebook/EDA_with_Visualization_lab_cYiMgm7Tj.ipynb","creator_id":"IBMid-665002CSHW","create_time":1659421045131,"size":202174,"is_remote":false,"is_managed":false,"is_referenced":true,"is_object_key_read_only":false,"is_user_provided_path_key":true,"transfer_complete":true,"is_partitioned":false,"complete_time_ticks":1659421045131,"user_data":{},"test_doc":0,"handle":{"bucket":"datacollectionapi-donotdelete-pr-owecavcwn9ncqv","location":"eu-geo","key":"notebook/EDA_with_Visualization_lab_cYiMgm7Tj.ipynb","upload_id":"done","max_part_num":1},"usage":{"access_count":7,"last_accessor_id":"IBMid-665002CSHW","last_access_time":1659422148482,"last_updater_id":"IBMid-665002CSHW","last_update_time":1659422148482}}]}
