{"metadata":{"asset_id":"abce1fa3-c732-494d-80c9-298b5f8a6e1c","asset_attributes":["notebook"],"name":"EDA with SQL","asset_type":"notebook","created_at":"2022-08-02T04:51:09Z","description":"","origin_country":"us","owner_id":"IBMid-665002CSHW","project_id":"079602a9-f3cc-488d-a60e-ce3db7717c0f","size":19047,"tags":["notebook"],"usage":{"last_update_time":1659420133394,"last_updated_at":"2022-08-02T06:02:13Z"}},"entity":{"notebook":{"kernel":{"name":"python3","display_name":"Python 3.9","language":"python"},"originates_from":{"type":"blank"},"runtime":{"environment":"conda2rt221-079602a9-f3cc-488d-a60e-ce3db7717c0f"}}},"attachments":[{"id":"a9bde820-3a87-4641-a259-1c51d92de0ad","version":2,"asset_type":"notebook","name":"attachment for notebook abce1fa3-c732-494d-80c9-298b5f8a6e1c","description":"attachment for notebook abce1fa3-c732-494d-80c9-298b5f8a6e1c","mime":"application/json","datasource_type":"193a97c1-4475-4a19-b90c-295c4fdc6517","object_key":"notebook/EDA_with_SQL_qnQfKQAur.ipynb","creator_id":"IBMid-665002CSHW","create_time":1659415870139,"size":19047,"is_remote":false,"is_managed":false,"is_referenced":true,"is_object_key_read_only":false,"is_user_provided_path_key":true,"transfer_complete":true,"is_partitioned":false,"complete_time_ticks":1659415870139,"user_data":{},"test_doc":0,"handle":{"bucket":"datacollectionapi-donotdelete-pr-owecavcwn9ncqv","location":"eu-geo","key":"notebook/EDA_with_SQL_qnQfKQAur.ipynb","upload_id":"done","max_part_num":1},"usage":{"access_count":7,"last_accessor_id":"IBMid-665002CSHW","last_access_time":1659420133393,"last_updater_id":"IBMid-665002CSHW","last_update_time":1659420133393}}]}
