{"metadata":{"asset_id":"6e9c775e-52c4-4f92-b7bb-1a0757b3286c","asset_attributes":["notebook"],"name":"Machine learning prediction","asset_type":"notebook","created_at":"2022-08-02T09:15:25Z","description":"","origin_country":"us","owner_id":"IBMid-665002CSHW","project_id":"079602a9-f3cc-488d-a60e-ce3db7717c0f","size":81080,"tags":["notebook"],"usage":{"last_update_time":1659432376786,"last_updated_at":"2022-08-02T09:26:16Z"}},"entity":{"notebook":{"kernel":{"name":"python3","display_name":"Python 3.9","language":"python"},"originates_from":{"type":"blank"},"runtime":{"environment":"conda2rt221-079602a9-f3cc-488d-a60e-ce3db7717c0f"}}},"attachments":[{"id":"d9bd9c9b-5a50-4abc-8a31-ee59e1cd0e9f","version":2,"asset_type":"notebook","name":"attachment for notebook 6e9c775e-52c4-4f92-b7bb-1a0757b3286c","description":"attachment for notebook 6e9c775e-52c4-4f92-b7bb-1a0757b3286c","mime":"application/json","datasource_type":"193a97c1-4475-4a19-b90c-295c4fdc6517","object_key":"notebook/Machine_learning_prediction_hSl8oUQN9.ipynb","creator_id":"IBMid-665002CSHW","create_time":1659431726045,"size":81080,"is_remote":false,"is_managed":false,"is_referenced":true,"is_object_key_read_only":false,"is_user_provided_path_key":true,"transfer_complete":true,"is_partitioned":false,"complete_time_ticks":1659431726045,"user_data":{},"test_doc":0,"handle":{"bucket":"datacollectionapi-donotdelete-pr-owecavcwn9ncqv","location":"eu-geo","key":"notebook/Machine_learning_prediction_hSl8oUQN9.ipynb","upload_id":"done","max_part_num":1},"usage":{"access_count":5,"last_accessor_id":"IBMid-665002CSHW","last_access_time":1659432376784,"last_updater_id":"IBMid-665002CSHW","last_update_time":1659432376784}}]}
