{"metadata":{"asset_id":"814fa473-7c50-4241-a453-b86f94f571b9","asset_attributes":["notebook"],"name":"API","asset_type":"notebook","created_at":"2022-07-31T08:33:59Z","description":"","origin_country":"us","owner_id":"IBMid-665002CSHW","project_id":"079602a9-f3cc-488d-a60e-ce3db7717c0f","size":489059,"tags":["notebook"],"usage":{"last_update_time":1659261843032,"last_updated_at":"2022-07-31T10:04:03Z"}},"entity":{"notebook":{"kernel":{"name":"python3","display_name":"Python 3.9","language":"python"},"originates_from":{"type":"blank"},"runtime":{"environment":"conda2rt221-079602a9-f3cc-488d-a60e-ce3db7717c0f"}}},"attachments":[{"id":"76cbefc6-8d96-4e7a-9c1c-af690c94ae76","version":2,"asset_type":"notebook","name":"attachment for notebook 814fa473-7c50-4241-a453-b86f94f571b9","description":"attachment for notebook 814fa473-7c50-4241-a453-b86f94f571b9","mime":"application/json","datasource_type":"193a97c1-4475-4a19-b90c-295c4fdc6517","object_key":"notebook/API_KBKCZcOOh.ipynb","creator_id":"IBMid-665002CSHW","create_time":1659256439715,"size":489059,"is_remote":false,"is_managed":false,"is_referenced":true,"is_object_key_read_only":false,"is_user_provided_path_key":true,"transfer_complete":true,"is_partitioned":false,"complete_time_ticks":1659256439715,"user_data":{},"test_doc":0,"handle":{"bucket":"datacollectionapi-donotdelete-pr-owecavcwn9ncqv","location":"eu-geo","key":"notebook/API_KBKCZcOOh.ipynb","upload_id":"done","max_part_num":1},"usage":{"access_count":17,"last_accessor_id":"IBMid-665002CSHW","last_access_time":1659261843030,"last_updater_id":"IBMid-665002CSHW","last_update_time":1659261843030}}]}
