{"metadata":{"asset_id":"ef53daa3-a5ba-41ba-9af9-e8c2b24ac3d2","asset_attributes":["notebook"],"name":"EDA","asset_type":"notebook","created_at":"2022-08-01T06:36:47Z","description":"","origin_country":"us","owner_id":"IBMid-665002CSHW","project_id":"079602a9-f3cc-488d-a60e-ce3db7717c0f","size":32933,"tags":["notebook"],"usage":{"last_update_time":1659338231585,"last_updated_at":"2022-08-01T07:17:11Z"}},"entity":{"notebook":{"kernel":{"name":"python3","display_name":"Python 3.9","language":"python"},"originates_from":{"type":"blank"},"runtime":{"environment":"conda2rt221-079602a9-f3cc-488d-a60e-ce3db7717c0f"}}},"attachments":[{"id":"a13c8d7e-c4c3-4879-9be5-b8483e17fa54","version":2,"asset_type":"notebook","name":"attachment for notebook ef53daa3-a5ba-41ba-9af9-e8c2b24ac3d2","description":"attachment for notebook ef53daa3-a5ba-41ba-9af9-e8c2b24ac3d2","mime":"application/json","datasource_type":"193a97c1-4475-4a19-b90c-295c4fdc6517","object_key":"notebook/EDA_LIGnomWJc.ipynb","creator_id":"IBMid-665002CSHW","create_time":1659335807666,"size":32933,"is_remote":false,"is_managed":false,"is_referenced":true,"is_object_key_read_only":false,"is_user_provided_path_key":true,"transfer_complete":true,"is_partitioned":false,"complete_time_ticks":1659335807666,"user_data":{},"test_doc":0,"handle":{"bucket":"datacollectionapi-donotdelete-pr-owecavcwn9ncqv","location":"eu-geo","key":"notebook/EDA_LIGnomWJc.ipynb","upload_id":"done","max_part_num":1},"usage":{"access_count":12,"last_accessor_id":"IBMid-665002CSHW","last_access_time":1659338231581,"last_updater_id":"IBMid-665002CSHW","last_update_time":1659338231581}}]}
